rows_before,rows_after,trim_share,propensity_min,propensity_max
633,562,0.11216429699842023,0.0006052859827616203,0.9513690541304369
