track,sample,outcome,spec_id,spec_label,weight_status,weight_column,sample_n,folds,nuisance_learner,x_block_id,x_exclude_columns,x_feature_count,outcome_oof_r2,mean_treatment_oof_r2,min_treatment_oof_r2,max_treatment_oof_r2,final_model_r2,condition_number,status,error_message
track2,main,authority_stance,timing_total,Timing total effect,unweighted,,633,5,lightgbm_regressor,primary,,30,-0.2839488229017715,0.995908135794145,0.995908135794145,0.995908135794145,0.001781469983852424,2.036793294754289,estimated,
track2,main,belonging_stance,timing_total,Timing total effect,unweighted,,633,5,lightgbm_regressor,primary,,30,0.04847418737619713,0.995908135794145,0.995908135794145,0.995908135794145,0.0029104835375023397,2.036793294754289,estimated,
track2,main,how_multimodal_score_mean,timing_total,Timing total effect,unweighted,,633,5,lightgbm_regressor,primary,,30,-0.12019568313229412,0.995908135794145,0.995908135794145,0.995908135794145,0.0008542095484537215,2.036793294754289,estimated,
track2,main,authority_stance,timing_total,Timing total effect,ipw,ipw_weight_v1,632,5,lightgbm_regressor,primary,,30,-0.33431890495982186,0.9956737825344937,0.9956737825344937,0.9956737825344937,0.00018134343889231186,2.20568289769208,estimated,
track2,main,belonging_stance,timing_total,Timing total effect,ipw,ipw_weight_v1,632,5,lightgbm_regressor,primary,,30,0.09319078528082247,0.9956737825344937,0.9956737825344937,0.9956737825344937,0.013332629234278581,2.20568289769208,estimated,
track2,main,how_multimodal_score_mean,timing_total,Timing total effect,ipw,ipw_weight_v1,632,5,lightgbm_regressor,primary,,30,-0.17630782238296727,0.9956737825344937,0.9956737825344937,0.9956737825344937,0.0038929236768082687,2.20568289769208,estimated,
track2,main,authority_stance,timing_total,Timing total effect,rake,rake_weight_v1,632,5,lightgbm_regressor,primary,,30,-0.3464896241871518,0.9939920942962006,0.9939920942962006,0.9939920942962006,0.0005127308862847846,2.0510838783866157,estimated,
track2,main,belonging_stance,timing_total,Timing total effect,rake,rake_weight_v1,632,5,lightgbm_regressor,primary,,30,-0.045747233787644115,0.9939920942962006,0.9939920942962006,0.9939920942962006,0.017414349301207332,2.0510838783866157,estimated,
track2,main,how_multimodal_score_mean,timing_total,Timing total effect,rake,rake_weight_v1,632,5,lightgbm_regressor,primary,,30,-0.20953593477340293,0.9939920942962006,0.9939920942962006,0.9939920942962006,0.0001776686113104109,2.0510838783866157,estimated,
